﻿<?xml version="1.0" encoding="utf-16"?><TRANSFER xmlns="http://www.interlis.ch/INTERLIS2.3" xmlns:xsi="http://www.w3.org/2001/XMLSchema-instance"> <HEADERSECTION SENDER="geocat.ch" VERSION="2.3"> <MODELS /> </HEADERSECTION> <DATASECTION> <GM03_2_1Comprehensive.Comprehensive BID="xw49468a"> <GM03_2_1Core.Core.MD_Metadata TID="xMetadatax1"> <fileIdentifier>Erdbebenonen SIA 261</fileIdentifier> <language>de</language> <characterSet>a8859part1</characterSet> <dateStamp>2011-06-07</dateStamp> <metadataStandardName>GM03Core</metadataStandardName> <metadataStandardVersion>GM03 BAFU</metadataStandardVersion> <hierarchyLevel> <GM03_2_1Core.Core.MD_ScopeCode_> <value>dataset</value> </GM03_2_1Core.Core.MD_ScopeCode_> </hierarchyLevel> <hierarchyLevelName> <GM03_2_1Core.Core.CharacterString_> <value>dataset</value> </GM03_2_1Core.Core.CharacterString_> </hierarchyLevelName> <dataSetURI>http://www.bafu.admin.ch/erdbeben -&gt; Gefährdung</dataSetURI> <distributionInfo REF="xDistribx1" /> </GM03_2_1Core.Core.MD_Metadata> <GM03_2_1Core.Core.MD_Metadatacontact> <contact REF="xRespPartyx1" /> <MD_Metadata REF="xMetadatax1" /> <role> <GM03_2_1Core.Core.CI_RoleCode_> <value>pointOfContact</value> </GM03_2_1Core.Core.CI_RoleCode_> </role> </GM03_2_1Core.Core.MD_Metadatacontact> <GM03_2_1Core.Core.CI_ResponsibleParty TID="xRespPartyx1"> <individualFirstName>Gefahrenprävention</individualFirstName> <individualLastName>Abteilung</individualLastName> <electronicalMailAddress> <GM03_2_1Core.Core.URL_> <value>gefahrenpraevention@bafu.admin.ch</value> </GM03_2_1Core.Core.URL_> </electronicalMailAddress> <organisationName> <GM03_2_1Core.Core.PT_FreeText> <textGroup> <GM03_2_1Core.Core.PT_Group> <language>de</language> <plainText>Bundesamt für Umwelt BAFU</plainText> </GM03_2_1Core.Core.PT_Group> </textGroup> </GM03_2_1Core.Core.PT_FreeText> </organisationName> <organisationAcronym> <GM03_2_1Core.Core.PT_FreeText> <textGroup> <GM03_2_1Core.Core.PT_Group> <language>de</language> <plainText></plainText> </GM03_2_1Core.Core.PT_Group> </textGroup> </GM03_2_1Core.Core.PT_FreeText> </organisationAcronym> <linkage> <GM03_2_1Core.Core.PT_FreeURL> <URLGroup> <GM03_2_1Core.Core.PT_URLGroup> <language>de</language> <plainURL></plainURL> </GM03_2_1Core.Core.PT_URLGroup> </URLGroup> </GM03_2_1Core.Core.PT_FreeURL> </linkage> <address REF="xAddressx1" /> <contactInfo REF="xContactx1" /> </GM03_2_1Core.Core.CI_ResponsibleParty> <GM03_2_1Core.Core.CI_Address TID="xAddressx1"> <streetName></streetName> <streetNumber></streetNumber> <addressLine></addressLine> <postBox></postBox> <postalCode>3003</postalCode> <city>Bern</city> <administrativeArea></administrativeArea> <country>Schweiz</country> </GM03_2_1Core.Core.CI_Address> <GM03_2_1Core.Core.CI_Contact TID="xContactx1"> <hoursOfService></hoursOfService> <contactInstructions> <GM03_2_1Core.Core.PT_FreeText> <textGroup> <GM03_2_1Core.Core.PT_Group> <language>de</language> <plainText></plainText> </GM03_2_1Core.Core.PT_Group> </textGroup> </GM03_2_1Core.Core.PT_FreeText> </contactInstructions> </GM03_2_1Core.Core.CI_Contact> <GM03_2_1Core.Core.CI_Telephone TID="xTelephonex1"> <number>+41 31 324 10 75</number> <numberType>mainNumber</numberType> <CI_ResponsibleParty REF="xRespPartyx1" /> </GM03_2_1Core.Core.CI_Telephone> <GM03_2_1Core.Core.MD_Metadatacontact> <contact REF="xRespPartyx2" /> <MD_Metadata REF="xMetadatax1" /> <role> <GM03_2_1Core.Core.CI_RoleCode_> <value>distributor</value> </GM03_2_1Core.Core.CI_RoleCode_> </role> </GM03_2_1Core.Core.MD_Metadatacontact> <GM03_2_1Core.Core.CI_ResponsibleParty TID="xRespPartyx2"> <individualFirstName>Blaise</individualFirstName> <individualLastName>Duvernay</individualLastName> <electronicalMailAddress> <GM03_2_1Core.Core.URL_> <value>blaise.duvernay@bafu.admin.ch</value> </GM03_2_1Core.Core.URL_> </electronicalMailAddress> <organisationName> <GM03_2_1Core.Core.PT_FreeText> <textGroup> <GM03_2_1Core.Core.PT_Group> <language>de</language> <plainText>Bundesamt für Umwelt</plainText> </GM03_2_1Core.Core.PT_Group> </textGroup> </GM03_2_1Core.Core.PT_FreeText> </organisationName> <organisationAcronym> <GM03_2_1Core.Core.PT_FreeText> <textGroup> <GM03_2_1Core.Core.PT_Group> <language>de</language> <plainText>BAFU</plainText> </GM03_2_1Core.Core.PT_Group> </textGroup> </GM03_2_1Core.Core.PT_FreeText> </organisationAcronym> <linkage> <GM03_2_1Core.Core.PT_FreeURL> <URLGroup> <GM03_2_1Core.Core.PT_URLGroup> <language>de</language> <plainURL></plainURL> </GM03_2_1Core.Core.PT_URLGroup> </URLGroup> </GM03_2_1Core.Core.PT_FreeURL> </linkage> <address REF="xAddressx2" /> <contactInfo REF="xContactx2" /> </GM03_2_1Core.Core.CI_ResponsibleParty> <GM03_2_1Core.Core.CI_Address TID="xAddressx2"> <streetName>Worblentalstr.</streetName> <streetNumber>68</streetNumber> <addressLine></addressLine> <postBox></postBox> <postalCode>3063</postalCode> <city>Ittigen</city> <administrativeArea></administrativeArea> <country>CH</country> </GM03_2_1Core.Core.CI_Address> <GM03_2_1Core.Core.CI_Contact TID="xContactx2"> <hoursOfService></hoursOfService> <contactInstructions> <GM03_2_1Core.Core.PT_FreeText> <textGroup> <GM03_2_1Core.Core.PT_Group> <language>de</language> <plainText></plainText> </GM03_2_1Core.Core.PT_Group> </textGroup> </GM03_2_1Core.Core.PT_FreeText> </contactInstructions> </GM03_2_1Core.Core.CI_Contact> <GM03_2_1Core.Core.CI_Telephone TID="xTelephonex2"> <number>+41 31 32 41734</number> <numberType>directNumber</numberType> <CI_ResponsibleParty REF="xRespPartyx2" /> </GM03_2_1Core.Core.CI_Telephone> <GM03_2_1Comprehensive.Comprehensive.MD_DataIdentification TID="xDataIdentificationx1"> <status> <GM03_2_1Core.Core.MD_ProgressCode_> <value>completed</value> </GM03_2_1Core.Core.MD_ProgressCode_> </status> <abstract> <GM03_2_1Core.Core.PT_FreeText> <textGroup> <GM03_2_1Core.Core.PT_Group> <language>de</language> <plainText>Die Erdbebenzone ist ein notwendiger Parameter für die Bestimmung der Erdbebeneinwirkungen bei der Bemessung und der Überprüfung von Bauwerken nach den Normen des Schweizerischen Ingenieur- und Architektenvereines (SIA).</plainText> </GM03_2_1Core.Core.PT_Group> </textGroup> </GM03_2_1Core.Core.PT_FreeText> </abstract> <purpose> <GM03_2_1Core.Core.PT_FreeText> <textGroup> <GM03_2_1Core.Core.PT_Group> <language>de</language> <plainText></plainText> </GM03_2_1Core.Core.PT_Group> </textGroup> </GM03_2_1Core.Core.PT_FreeText> </purpose> <MD_Metadata REF="xMetadatax1" /> <citation REF="xCitationx1x1" /> <spatialRepresentationType> <GM03_2_1Core.Core.MD_SpatialRepresentationTypeCode_> <value>vector</value> </GM03_2_1Core.Core.MD_SpatialRepresentationTypeCode_> </spatialRepresentationType> <language> <CodeISO.LanguageCodeISO_> <value>de</value> </CodeISO.LanguageCodeISO_> </language> <characterSet> <GM03_2_1Core.Core.MD_CharacterSetCode_> <value>a8859part1</value> </GM03_2_1Core.Core.MD_CharacterSetCode_> </characterSet> <topicCategory> <GM03_2_1Core.Core.MD_TopicCategoryCode_> <value> geoscientificInformation_Geology </value> </GM03_2_1Core.Core.MD_TopicCategoryCode_> </topicCategory> </GM03_2_1Comprehensive.Comprehensive.MD_DataIdentification> <GM03_2_1Comprehensive.Comprehensive.CI_Citation TID="xCitationx1x1"> <title> <GM03_2_1Core.Core.PT_FreeText> <textGroup> <GM03_2_1Core.Core.PT_Group> <language>de</language> <plainText>Erdbebenzonen nach der Baunorm SIA 261</plainText> </GM03_2_1Core.Core.PT_Group> </textGroup> </GM03_2_1Core.Core.PT_FreeText> </title> </GM03_2_1Comprehensive.Comprehensive.CI_Citation> <GM03_2_1Comprehensive.Comprehensive.CI_Citation TID="xCitationx1x2"> <title> <GM03_2_1Core.Core.PT_FreeText> <textGroup> <GM03_2_1Core.Core.PT_Group> <language>de</language> <plainText> GEMET Thesaurus </plainText> </GM03_2_1Core.Core.PT_Group> </textGroup> </GM03_2_1Core.Core.PT_FreeText> </title> </GM03_2_1Comprehensive.Comprehensive.CI_Citation> <GM03_2_1Core.Core.CI_Date TID="xw49468aac25b1b1b1b3b1"> <date>2020-03-20</date> <dateType>revision</dateType> <CI_Citation REF="xCitationx1x1" /> </GM03_2_1Core.Core.CI_Date> <GM03_2_1Core.Core.MD_RepresentativeFraction TID="xRepFractx"> <denominator>25000</denominator> </GM03_2_1Core.Core.MD_RepresentativeFraction> <GM03_2_1Core.Core.MD_Resolution TID="xResolxx0"> <MD_DataIdentification REF="xDataIdentificationx1" /> <equivalentScale REF="xRepFractx" /> </GM03_2_1Core.Core.MD_Resolution> <GM03_2_1Comprehensive.Comprehensive.MD_MaintenanceInformation TID="xw49468aac25b1b9b1"> <maintenanceAndUpdateFrequency>notPlanned</maintenanceAndUpdateFrequency> <MD_Identification REF="xDataIdentificationx1" /> </GM03_2_1Comprehensive.Comprehensive.MD_MaintenanceInformation> <GM03_2_1Comprehensive.Comprehensive.revisionMD_Identification> <revision REF="xRevisionx1" /> <MD_Identification REF="xDataIdentificationx1" /> </GM03_2_1Comprehensive.Comprehensive.revisionMD_Identification> <GM03_2_1Comprehensive.Comprehensive.MD_Revision TID="xRevisionx1"> <dateOfLastUpdate>2011-03-30</dateOfLastUpdate> </GM03_2_1Comprehensive.Comprehensive.MD_Revision> <GM03_2_1Comprehensive.Comprehensive.MD_MaintenanceInformation TID="xMaintenanceInfox1"> <maintenanceAndUpdateFrequency>notPlanned</maintenanceAndUpdateFrequency> <MD_Metadata REF="xMetadatax1" /> </GM03_2_1Comprehensive.Comprehensive.MD_MaintenanceInformation> <GM03_2_1Comprehensive.Comprehensive.MD_MaintenanceInformationupdateScopeDescription> <updateScopeDescription REF="" /> <MD_MaintenanceInformation REF="xMaintenanceInfox1" /> </GM03_2_1Comprehensive.Comprehensive.MD_MaintenanceInformationupdateScopeDescription> <GM03_2_1Core.Core.MD_Distribution TID="xDistribx1" /> <GM03_2_1Core.Core.MD_DistributiondistributionFormat> <MD_Distribution REF="xDistribx1" /> <distributionFormat REF="xformatx1" /> </GM03_2_1Core.Core.MD_DistributiondistributionFormat> <GM03_2_1Comprehensive.Comprehensive.MD_Format TID="xformatx1"> <name>ESRI Geodatabase (MDB) (.mdb)</name> <version>none</version> </GM03_2_1Comprehensive.Comprehensive.MD_Format> <GM03_2_1Core.Core.MD_DistributiondistributionFormat> <MD_Distribution REF="xDistribx1" /> <distributionFormat REF="xformatx2" /> </GM03_2_1Core.Core.MD_DistributiondistributionFormat> <GM03_2_1Comprehensive.Comprehensive.MD_Format TID="xformatx2"> <name>ESRI Shape (.shp)</name> <version>none</version> </GM03_2_1Comprehensive.Comprehensive.MD_Format> <GM03_2_1Core.Core.descriptiveKeywordsMD_Identification> <descriptiveKeywords REF="xKeywordx1" /> <MD_Identification REF="xDataIdentificationx1" /> </GM03_2_1Core.Core.descriptiveKeywordsMD_Identification> <GM03_2_1Core.Core.MD_Keywords TID="xKeywordx1"> <keyword> <GM03_2_1Core.Core.PT_FreeText> <textGroup> <GM03_2_1Core.Core.PT_Group> <language>de</language> <plainText>Erdbeben</plainText> </GM03_2_1Core.Core.PT_Group> </textGroup> </GM03_2_1Core.Core.PT_FreeText> </keyword> <thesaurus REF="xThesorusx1x1" /> </GM03_2_1Core.Core.MD_Keywords> <GM03_2_1Core.Core.descriptiveKeywordsMD_Identification> <descriptiveKeywords REF="xKeywordx2" /> <MD_Identification REF="xDataIdentificationx1" /> </GM03_2_1Core.Core.descriptiveKeywordsMD_Identification> <GM03_2_1Core.Core.MD_Keywords TID="xKeywordx2"> <keyword> <GM03_2_1Core.Core.PT_FreeText> <textGroup> <GM03_2_1Core.Core.PT_Group> <language>de</language> <plainText>Erdbebengefährdung</plainText> </GM03_2_1Core.Core.PT_Group> </textGroup> </GM03_2_1Core.Core.PT_FreeText> </keyword> <thesaurus REF="xThesorusx1x1" /> </GM03_2_1Core.Core.MD_Keywords> <GM03_2_1Core.Core.descriptiveKeywordsMD_Identification> <descriptiveKeywords REF="xKeywordx3" /> <MD_Identification REF="xDataIdentificationx1" /> </GM03_2_1Core.Core.descriptiveKeywordsMD_Identification> <GM03_2_1Core.Core.MD_Keywords TID="xKeywordx3"> <keyword> <GM03_2_1Core.Core.PT_FreeText> <textGroup> <GM03_2_1Core.Core.PT_Group> <language>de</language> <plainText>Erdbebenzonen</plainText> </GM03_2_1Core.Core.PT_Group> </textGroup> </GM03_2_1Core.Core.PT_FreeText> </keyword> <thesaurus REF="xThesorusx1x1" /> </GM03_2_1Core.Core.MD_Keywords> <GM03_2_1Core.Core.MD_Thesaurus TID="xThesorusx1x1"> <citation REF="xCitationx1x2" /> </GM03_2_1Core.Core.MD_Thesaurus> <GM03_2_1Core.Core.EX_Extent TID="xExtentx1"> <description> <GM03_2_1Core.Core.PT_FreeText> <textGroup> <GM03_2_1Core.Core.PT_Group> <language>de</language> <plainText>Basiert wie die Landeskarten der Schweiz, auf dem Referenzsystem CH1903+. CH1903+ verwendet das Ellipsoid von Bessel (1841). Die schweizerische Kartenprojektion ist eine winkeltreue, schiefachsige Zylinderprojektion.</plainText> </GM03_2_1Core.Core.PT_Group> </textGroup> </GM03_2_1Core.Core.PT_FreeText> </description> <MD_DataIdentification REF="xDataIdentificationx1" /> </GM03_2_1Core.Core.EX_Extent> <GM03_2_1Core.Core.EX_ExtentgeographicElement> <EX_Extent REF="xExtentx1" /> <geographicElement REF="xGeoDescx1" /> </GM03_2_1Core.Core.EX_ExtentgeographicElement> <GM03_2_1Core.Core.EX_GeographicDescription TID="xGeoDescx1"> <geographicIdentifier REF="xMDIdentx1" /> </GM03_2_1Core.Core.EX_GeographicDescription> <GM03_2_1Core.Core.MD_Identifier TID="xMDIdentx1"> <code> <GM03_2_1Core.Core.PT_FreeText> <textGroup> <GM03_2_1Core.Core.PT_Group> <language>de</language> <plainText>Schweiz</plainText> </GM03_2_1Core.Core.PT_Group> </textGroup> </GM03_2_1Core.Core.PT_FreeText> </code> </GM03_2_1Core.Core.MD_Identifier> <GM03_2_1Core.Core.EX_ExtentgeographicElement> <EX_Extent REF="xExtentx1" /> <geographicElement REF="xGeoBBx1" /> </GM03_2_1Core.Core.EX_ExtentgeographicElement> <GM03_2_1Core.Core.EX_GeographicBoundingBox TID="xGeoBBx1"> <extentTypeCode>true</extentTypeCode> <northBoundLatitude>47.81536</northBoundLatitude> <southBoundLatitude>45.78990</southBoundLatitude> <eastBoundLongitude>10.56035</eastBoundLongitude> <westBoundLongitude>5.90971</westBoundLongitude> </GM03_2_1Core.Core.EX_GeographicBoundingBox> <GM03_2_1Comprehensive.Comprehensive.RS_Identifier TID="xRsIdentx1"> <code> <GM03_2_1Core.Core.PT_FreeText> <textGroup> <GM03_2_1Core.Core.PT_Group> <language>de</language> <plainText>CH1903+_LV95</plainText> </GM03_2_1Core.Core.PT_Group> </textGroup> </GM03_2_1Core.Core.PT_FreeText> </code> </GM03_2_1Comprehensive.Comprehensive.RS_Identifier> <GM03_2_1Core.Core.MD_ReferenceSystem TID="xRefSystemx1"> <referenceSystemIdentifier REF="xRsIdentx1" /> </GM03_2_1Core.Core.MD_ReferenceSystem> <GM03_2_1Core.Core.referenceSystemInfoMD_Metadata TID="xRefSystemMetadatax"> <referenceSystemInfo REF="xRefSystemx1" /> <MD_Metadata REF="xMetadatax1" /> </GM03_2_1Core.Core.referenceSystemInfoMD_Metadata> <GM03_2_1Core.Core.DQ_DataQuality TID="xDataQualityx1"> <MD_Metadata REF="xMetadatax1" /> </GM03_2_1Core.Core.DQ_DataQuality> <GM03_2_1Core.Core.DQ_Scope TID="xScopex1"> <level>dataset</level> <DQ_DataQuality REF="xDataQualityx1" /> </GM03_2_1Core.Core.DQ_Scope> <GM03_2_1Core.Core.LI_Lineage TID="xLineagex1"> <statement> <GM03_2_1Core.Core.PT_FreeText> <textGroup> <GM03_2_1Core.Core.PT_Group> <language>de</language> <plainText>Die Karte der Erdbebenzonen der Norm SIA 261 "Einwirkungen auf Tragwerke" (2020) wurde von der Arbeitsgruppe Erdbeben der Normenkommission SIA 261 auf Basis des Erdbebengefährdungsmodelles 2015 des Schweizerischen Erdbebendienstes erstellt.</plainText> </GM03_2_1Core.Core.PT_Group> </textGroup> </GM03_2_1Core.Core.PT_FreeText> </statement> <DQ_DataQuality REF="xDataQualityx1" /> </GM03_2_1Core.Core.LI_Lineage> <GM03_2_1Core.Core.EX_ExtenttemporalElement> <EX_Extent REF="xExtentx1" /> <temporalElement REF="xTemporalExtentx1" /> </GM03_2_1Core.Core.EX_ExtenttemporalElement> <GM03_2_1Core.Core.EX_TemporalExtent TID="xTemporalExtentx1"> <extent> <GM03_2_1Core.Core.TM_Primitive> <begin></begin> <end></end> </GM03_2_1Core.Core.TM_Primitive> </extent> </GM03_2_1Core.Core.EX_TemporalExtent> </GM03_2_1Comprehensive.Comprehensive> </DATASECTION></TRANSFER>
