<?xml version="1.0" encoding="UTF-8"?>
<metadata xml:lang="de"><Esri><CreaDate>20201123</CreaDate><CreaTime>10023700</CreaTime><ArcGISFormat>1.0</ArcGISFormat><SyncOnce>FALSE</SyncOnce><DataProperties><lineage><Process ToolSource="c:\program files (x86)\arcgis\desktop10.4\ArcToolbox\Toolboxes\Data Management Tools.tbx\CalculateField" Date="20180517" Time="133821">CalculateField 2018_Erdbebenzonen_SIA261_e3 E_ZoneN "Z1a" VB #</Process><Process ToolSource="c:\program files (x86)\arcgis\desktop10.4\ArcToolbox\Toolboxes\Data Management Tools.tbx\CalculateField" Date="20180517" Time="133844">CalculateField 2018_Erdbebenzonen_SIA261_e3 agd_N 0.6 VB #</Process><Process ToolSource="c:\program files (x86)\arcgis\desktop10.4\ArcToolbox\Toolboxes\Data Management Tools.tbx\CalculateField" Date="20180517" Time="134027">CalculateField 2018_Erdbebenzonen_SIA261_e3 E_ZoneN "Z1b" VB #</Process><Process ToolSource="c:\program files (x86)\arcgis\desktop10.4\ArcToolbox\Toolboxes\Data Management Tools.tbx\CalculateField" Date="20180517" Time="134056">CalculateField 2018_Erdbebenzonen_SIA261_e3 agd_N 0.8 VB #</Process><Process ToolSource="c:\program files (x86)\arcgis\desktop10.4\ArcToolbox\Toolboxes\Data Management Tools.tbx\CalculateField" Date="20180517" Time="134145">CalculateField 2018_Erdbebenzonen_SIA261_e3 E_ZoneN "Z2" VB #</Process><Process ToolSource="c:\program files (x86)\arcgis\desktop10.4\ArcToolbox\Toolboxes\Data Management Tools.tbx\CalculateField" Date="20180517" Time="134205">CalculateField 2018_Erdbebenzonen_SIA261_e3 agd_N 1.0 VB #</Process><Process ToolSource="c:\program files (x86)\arcgis\desktop10.4\ArcToolbox\Toolboxes\Data Management Tools.tbx\CalculateField" Date="20180517" Time="134325">CalculateField 2018_Erdbebenzonen_SIA261_e3 E_ZoneN "Z3a" VB #</Process><Process ToolSource="c:\program files (x86)\arcgis\desktop10.4\ArcToolbox\Toolboxes\Data Management Tools.tbx\CalculateField" Date="20180517" Time="134338">CalculateField 2018_Erdbebenzonen_SIA261_e3 agd_N 1.3 VB #</Process><Process ToolSource="c:\program files (x86)\arcgis\desktop10.4\ArcToolbox\Toolboxes\Data Management Tools.tbx\CalculateField" Date="20180517" Time="134407">CalculateField 2018_Erdbebenzonen_SIA261_e3 E_ZoneN "Z3b" VB #</Process><Process ToolSource="c:\program files (x86)\arcgis\desktop10.4\ArcToolbox\Toolboxes\Data Management Tools.tbx\CalculateField" Date="20180517" Time="134427">CalculateField 2018_Erdbebenzonen_SIA261_e3 agd_N 1.6 VB #</Process><Process ToolSource="c:\program files (x86)\arcgis\desktop10.4\ArcToolbox\Toolboxes\Data Management Tools.tbx\CalculateField" Date="20180517" Time="135948">CalculateField 2018_Erdbebenzonen_SIA261_e3 E_ZoneN "Z1b" VB #</Process><Process ToolSource="c:\program files (x86)\arcgis\desktop10.4\ArcToolbox\Toolboxes\Data Management Tools.tbx\CalculateField" Date="20180517" Time="135959">CalculateField 2018_Erdbebenzonen_SIA261_e3 agd_N 0.8 VB #</Process><Process ToolSource="c:\program files (x86)\arcgis\desktop10.4\ArcToolbox\Toolboxes\Data Management Tools.tbx\CalculateField" Date="20180517" Time="142139">CalculateField 2018_Erdbebenzonen_SIA261_e3 E_ZoneN "Z1b" VB #</Process><Process ToolSource="c:\program files (x86)\arcgis\desktop10.4\ArcToolbox\Toolboxes\Data Management Tools.tbx\CalculateField" Date="20180517" Time="142155">CalculateField 2018_Erdbebenzonen_SIA261_e3 agd_N 0.8 VB #</Process><Process ToolSource="c:\program files (x86)\arcgis\desktop10.4\ArcToolbox\Toolboxes\Data Management Tools.tbx\CalculateField" Date="20180517" Time="142257">CalculateField 2018_Erdbebenzonen_SIA261_e3 agd_N 1 VB #</Process><Process ToolSource="c:\program files (x86)\arcgis\desktop10.4\ArcToolbox\Toolboxes\Data Management Tools.tbx\CalculateField" Date="20180517" Time="142312">CalculateField 2018_Erdbebenzonen_SIA261_e3 E_ZoneN "Z2" VB #</Process><Process ToolSource="c:\program files (x86)\arcgis\desktop10.4\ArcToolbox\Toolboxes\Data Management Tools.tbx\CalculateField" Date="20180517" Time="143755">CalculateField 2018_Erdbebenzonen_SIA261_e3 E_ZoneN "Z3a" VB #</Process><Process ToolSource="c:\program files (x86)\arcgis\desktop10.4\ArcToolbox\Toolboxes\Data Management Tools.tbx\CalculateField" Date="20180517" Time="143809">CalculateField 2018_Erdbebenzonen_SIA261_e3 agd_N 1.3 VB #</Process><Process ToolSource="c:\program files (x86)\arcgis\desktop10.4\ArcToolbox\Toolboxes\Data Management Tools.tbx\CalculateField" Date="20180517" Time="143915">CalculateField 2018_Erdbebenzonen_SIA261_e3 E_ZoneN "Z3a" VB #</Process><Process ToolSource="c:\program files (x86)\arcgis\desktop10.4\ArcToolbox\Toolboxes\Data Management Tools.tbx\CalculateField" Date="20180517" Time="143937">CalculateField 2018_Erdbebenzonen_SIA261_e3 agd_N 1.3 VB #</Process><Process ToolSource="c:\program files (x86)\arcgis\desktop10.4\ArcToolbox\Toolboxes\Data Management Tools.tbx\CalculateField" Date="20180517" Time="144137">CalculateField 2018_Erdbebenzonen_SIA261_e3 E_ZoneN "Z3a" VB #</Process><Process ToolSource="c:\program files (x86)\arcgis\desktop10.4\ArcToolbox\Toolboxes\Data Management Tools.tbx\CalculateField" Date="20180517" Time="144148">CalculateField 2018_Erdbebenzonen_SIA261_e3 agd_N 1.3 VB #</Process><Process ToolSource="c:\program files (x86)\arcgis\desktop10.4\ArcToolbox\Toolboxes\Data Management Tools.tbx\CalculateField" Date="20180517" Time="144307">CalculateField 2018_Erdbebenzonen_SIA261_e3 E_ZoneN "Z3b" VB #</Process><Process ToolSource="c:\program files (x86)\arcgis\desktop10.4\ArcToolbox\Toolboxes\Data Management Tools.tbx\CalculateField" Date="20180517" Time="144319">CalculateField 2018_Erdbebenzonen_SIA261_e3 agd_N 1.6 VB #</Process><Process ToolSource="c:\program files (x86)\arcgis\desktop10.4\ArcToolbox\Toolboxes\Data Management Tools.tbx\CalculateField" Date="20180517" Time="144603">CalculateField 2018_Erdbebenzonen_SIA261_e3 E_ZoneN "Z3a" VB #</Process><Process ToolSource="c:\program files (x86)\arcgis\desktop10.4\ArcToolbox\Toolboxes\Data Management Tools.tbx\CalculateField" Date="20180517" Time="144618">CalculateField 2018_Erdbebenzonen_SIA261_e3 agd_N 1.3 VB #</Process><Process ToolSource="c:\program files (x86)\arcgis\desktop10.4\ArcToolbox\Toolboxes\Data Management Tools.tbx\CalculateField" Date="20180517" Time="144744">CalculateField 2018_Erdbebenzonen_SIA261_e3 E_ZoneN "Z2" VB #</Process><Process ToolSource="c:\program files (x86)\arcgis\desktop10.4\ArcToolbox\Toolboxes\Data Management Tools.tbx\CalculateField" Date="20180517" Time="144806">CalculateField 2018_Erdbebenzonen_SIA261_e3 agd_N 1.3 VB #</Process><Process ToolSource="c:\program files (x86)\arcgis\desktop10.4\ArcToolbox\Toolboxes\Data Management Tools.tbx\CalculateField" Date="20180517" Time="144952">CalculateField 2018_Erdbebenzonen_SIA261_e3 E_ZoneN "Z2" VB #</Process><Process ToolSource="c:\program files (x86)\arcgis\desktop10.4\ArcToolbox\Toolboxes\Data Management Tools.tbx\CalculateField" Date="20180517" Time="145007">CalculateField 2018_Erdbebenzonen_SIA261_e3 agd_N 1.0 VB #</Process><Process ToolSource="c:\program files (x86)\arcgis\desktop10.4\ArcToolbox\Toolboxes\Data Management Tools.tbx\CalculateField" Date="20180517" Time="145254">CalculateField 2018_Erdbebenzonen_SIA261_e3 E_ZoneN "Z1b" VB #</Process><Process ToolSource="c:\program files (x86)\arcgis\desktop10.4\ArcToolbox\Toolboxes\Data Management Tools.tbx\CalculateField" Date="20180517" Time="145310">CalculateField 2018_Erdbebenzonen_SIA261_e3 agd_N 0.8 VB #</Process><Process ToolSource="c:\program files (x86)\arcgis\desktop10.4\ArcToolbox\Toolboxes\Data Management Tools.tbx\CalculateField" Date="20180517" Time="145503">CalculateField 2018_Erdbebenzonen_SIA261_e3 E_ZoneN "Z1b" VB #</Process><Process ToolSource="c:\program files (x86)\arcgis\desktop10.4\ArcToolbox\Toolboxes\Data Management Tools.tbx\CalculateField" Date="20180517" Time="145517">CalculateField 2018_Erdbebenzonen_SIA261_e3 agd_N 0.8 VB #</Process><Process ToolSource="c:\program files (x86)\arcgis\desktop10.4\ArcToolbox\Toolboxes\Data Management Tools.tbx\CalculateField" Date="20180517" Time="145707">CalculateField 2018_Erdbebenzonen_SIA261_e3 E_ZoneN "Z1b" VB #</Process><Process ToolSource="c:\program files (x86)\arcgis\desktop10.4\ArcToolbox\Toolboxes\Data Management Tools.tbx\CalculateField" Date="20180517" Time="145718">CalculateField 2018_Erdbebenzonen_SIA261_e3 agd_N 0.8 VB #</Process><Process ToolSource="c:\program files (x86)\arcgis\desktop10.4\ArcToolbox\Toolboxes\Data Management Tools.tbx\CalculateField" Date="20180517" Time="145812">CalculateField 2018_Erdbebenzonen_SIA261_e3 E_ZoneN "Z1b" VB #</Process><Process ToolSource="c:\program files (x86)\arcgis\desktop10.4\ArcToolbox\Toolboxes\Data Management Tools.tbx\CalculateField" Date="20180517" Time="145824">CalculateField 2018_Erdbebenzonen_SIA261_e3 agd_N 0.8 VB #</Process><Process ToolSource="c:\program files (x86)\arcgis\desktop10.4\ArcToolbox\Toolboxes\Data Management Tools.tbx\CalculateField" Date="20180517" Time="145908">CalculateField 2018_Erdbebenzonen_SIA261_e3 E_ZoneN "Z1b" VB #</Process><Process ToolSource="c:\program files (x86)\arcgis\desktop10.4\ArcToolbox\Toolboxes\Data Management Tools.tbx\CalculateField" Date="20180517" Time="145917">CalculateField 2018_Erdbebenzonen_SIA261_e3 agd_N 0.8 VB #</Process><Process ToolSource="c:\program files (x86)\arcgis\desktop10.4\ArcToolbox\Toolboxes\Data Management Tools.tbx\CalculateField" Date="20180517" Time="150044">CalculateField 2018_Erdbebenzonen_SIA261_e3 E_ZoneN "Z1b" VB #</Process><Process ToolSource="c:\program files (x86)\arcgis\desktop10.4\ArcToolbox\Toolboxes\Data Management Tools.tbx\CalculateField" Date="20180517" Time="150054">CalculateField 2018_Erdbebenzonen_SIA261_e3 agd_N 0.8 VB #</Process><Process ToolSource="c:\program files (x86)\arcgis\desktop10.4\ArcToolbox\Toolboxes\Data Management Tools.tbx\CalculateField" Date="20180517" Time="150150">CalculateField 2018_Erdbebenzonen_SIA261_e3 E_ZoneN "Z1b" VB #</Process><Process ToolSource="c:\program files (x86)\arcgis\desktop10.4\ArcToolbox\Toolboxes\Data Management Tools.tbx\CalculateField" Date="20180517" Time="150209">CalculateField 2018_Erdbebenzonen_SIA261_e3 agd_N 0.8 VB #</Process><Process ToolSource="c:\program files (x86)\arcgis\desktop10.4\ArcToolbox\Toolboxes\Data Management Tools.tbx\CalculateField" Date="20180517" Time="150422">CalculateField 2018_Erdbebenzonen_SIA261_e3 E_ZoneN "Z1b" VB #</Process><Process ToolSource="c:\program files (x86)\arcgis\desktop10.4\ArcToolbox\Toolboxes\Data Management Tools.tbx\CalculateField" Date="20180517" Time="150439">CalculateField 2018_Erdbebenzonen_SIA261_e3 agd_N 0.8 VB #</Process><Process ToolSource="c:\program files (x86)\arcgis\desktop10.4\ArcToolbox\Toolboxes\Data Management Tools.tbx\CalculateField" Date="20180517" Time="150905">CalculateField 2018_Erdbebenzonen_SIA261_e3 E_ZoneN "Z2" VB #</Process><Process ToolSource="c:\program files (x86)\arcgis\desktop10.4\ArcToolbox\Toolboxes\Data Management Tools.tbx\CalculateField" Date="20180517" Time="150918">CalculateField 2018_Erdbebenzonen_SIA261_e3 agd_N 1.0 VB #</Process><Process ToolSource="c:\program files (x86)\arcgis\desktop10.4\ArcToolbox\Toolboxes\Data Management Tools.tbx\CalculateField" Date="20180517" Time="150948">CalculateField 2018_Erdbebenzonen_SIA261_e3 E_ZoneN "Z1b" VB #</Process><Process ToolSource="c:\program files (x86)\arcgis\desktop10.4\ArcToolbox\Toolboxes\Data Management Tools.tbx\CalculateField" Date="20180517" Time="151239">CalculateField 2018_Erdbebenzonen_SIA261_e3 E_ZoneN "Z1b" VB #</Process><Process ToolSource="c:\program files (x86)\arcgis\desktop10.4\ArcToolbox\Toolboxes\Data Management Tools.tbx\CalculateField" Date="20180517" Time="151252">CalculateField 2018_Erdbebenzonen_SIA261_e3 agd_N 0.8 VB #</Process><Process ToolSource="c:\program files (x86)\arcgis\desktop10.4\ArcToolbox\Toolboxes\Data Management Tools.tbx\CalculateField" Date="20180517" Time="151320">CalculateField 2018_Erdbebenzonen_SIA261_e3 E_ZoneN "Z1a" VB #</Process><Process ToolSource="c:\program files (x86)\arcgis\desktop10.4\ArcToolbox\Toolboxes\Data Management Tools.tbx\CalculateField" Date="20180517" Time="151331">CalculateField 2018_Erdbebenzonen_SIA261_e3 agd_N 0.6 VB #</Process><Process ToolSource="c:\program files (x86)\arcgis\desktop10.4\ArcToolbox\Toolboxes\Data Management Tools.tbx\CalculateField" Date="20180517" Time="151435">CalculateField 2018_Erdbebenzonen_SIA261_e3 E_ZoneN "Z1a" VB #</Process><Process ToolSource="c:\program files (x86)\arcgis\desktop10.4\ArcToolbox\Toolboxes\Data Management Tools.tbx\CalculateField" Date="20180517" Time="151452">CalculateField 2018_Erdbebenzonen_SIA261_e3 agd_N 0.6 VB #</Process><Process ToolSource="c:\program files (x86)\arcgis\desktop10.4\ArcToolbox\Toolboxes\Data Management Tools.tbx\CalculateField" Date="20180517" Time="151802">CalculateField 2018_Erdbebenzonen_SIA261_e3 E_ZoneN "Z1b" VB #</Process><Process ToolSource="c:\program files (x86)\arcgis\desktop10.4\ArcToolbox\Toolboxes\Data Management Tools.tbx\CalculateField" Date="20180517" Time="151821">CalculateField 2018_Erdbebenzonen_SIA261_e3 agd_N 0.8 VB #</Process><Process ToolSource="c:\program files (x86)\arcgis\desktop10.4\ArcToolbox\Toolboxes\Data Management Tools.tbx\CalculateField" Date="20180517" Time="152128">CalculateField 2018_Erdbebenzonen_SIA261_e3 E_ZoneN "Z1b" VB #</Process><Process ToolSource="c:\program files (x86)\arcgis\desktop10.4\ArcToolbox\Toolboxes\Data Management Tools.tbx\CalculateField" Date="20180517" Time="152150">CalculateField 2018_Erdbebenzonen_SIA261_e3 agd_N 0.8 VB #</Process><Process ToolSource="c:\program files (x86)\arcgis\desktop10.4\ArcToolbox\Toolboxes\Data Management Tools.tbx\CalculateField" Date="20180517" Time="152408">CalculateField 2018_Erdbebenzonen_SIA261_e3 E_ZoneN "Z1" VB #</Process><Process ToolSource="c:\program files (x86)\arcgis\desktop10.4\ArcToolbox\Toolboxes\Data Management Tools.tbx\CalculateField" Date="20180517" Time="152427">CalculateField 2018_Erdbebenzonen_SIA261_e3 E_ZoneN "Z1a" VB #</Process><Process ToolSource="c:\program files (x86)\arcgis\desktop10.4\ArcToolbox\Toolboxes\Data Management Tools.tbx\CalculateField" Date="20180517" Time="152441">CalculateField 2018_Erdbebenzonen_SIA261_e3 agd_N 0.6 VB #</Process><Process ToolSource="c:\program files (x86)\arcgis\desktop10.4\ArcToolbox\Toolboxes\Data Management Tools.tbx\CalculateField" Date="20180517" Time="153316">CalculateField 2018_Erdbebenzonen_SIA261_e3 E_ZoneN "Z1b" VB #</Process><Process ToolSource="c:\program files (x86)\arcgis\desktop10.4\ArcToolbox\Toolboxes\Data Management Tools.tbx\CalculateField" Date="20180517" Time="153334">CalculateField 2018_Erdbebenzonen_SIA261_e3 agd_N 0.8 VB #</Process><Process ToolSource="c:\program files (x86)\arcgis\desktop10.4\ArcToolbox\Toolboxes\Data Management Tools.tbx\CalculateField" Date="20180517" Time="153448">CalculateField 2018_Erdbebenzonen_SIA261_e3 E_ZoneN "Z1b" VB #</Process><Process ToolSource="c:\program files (x86)\arcgis\desktop10.4\ArcToolbox\Toolboxes\Data Management Tools.tbx\CalculateField" Date="20180517" Time="153506">CalculateField 2018_Erdbebenzonen_SIA261_e3 agd_N 0.8 VB #</Process><Process ToolSource="c:\program files (x86)\arcgis\desktop10.4\ArcToolbox\Toolboxes\Data Management Tools.tbx\CalculateField" Date="20180517" Time="153640">CalculateField 2018_Erdbebenzonen_SIA261_e3 E_ZoneN Z3a VB #</Process><Process ToolSource="c:\program files (x86)\arcgis\desktop10.4\ArcToolbox\Toolboxes\Data Management Tools.tbx\CalculateField" Date="20180517" Time="153658">CalculateField 2018_Erdbebenzonen_SIA261_e3 E_ZoneN "Z3a" VB #</Process><Process ToolSource="c:\program files (x86)\arcgis\desktop10.4\ArcToolbox\Toolboxes\Data Management Tools.tbx\CalculateField" Date="20180517" Time="153745">CalculateField 2018_Erdbebenzonen_SIA261_e3 E_ZoneN "Z3a" VB #</Process><Process ToolSource="c:\program files (x86)\arcgis\desktop10.4\ArcToolbox\Toolboxes\Data Management Tools.tbx\CalculateField" Date="20180517" Time="153807">CalculateField 2018_Erdbebenzonen_SIA261_e3 agd_N 1.3 VB #</Process><Process ToolSource="c:\program files (x86)\arcgis\desktop10.4\ArcToolbox\Toolboxes\Data Management Tools.tbx\CalculateField" Date="20180517" Time="154121">CalculateField 2018_Erdbebenzonen_SIA261_e3 E_ZoneN "Z1b" VB #</Process><Process ToolSource="c:\program files (x86)\arcgis\desktop10.4\ArcToolbox\Toolboxes\Data Management Tools.tbx\CalculateField" Date="20180517" Time="154138">CalculateField 2018_Erdbebenzonen_SIA261_e3 agd_N 0.8 VB #</Process><Process ToolSource="c:\program files (x86)\arcgis\desktop10.4\ArcToolbox\Toolboxes\Data Management Tools.tbx\CalculateField" Date="20180517" Time="154209">CalculateField 2018_Erdbebenzonen_SIA261_e3 E_ZoneN "Z1b" VB #</Process><Process ToolSource="c:\program files (x86)\arcgis\desktop10.4\ArcToolbox\Toolboxes\Data Management Tools.tbx\CalculateField" Date="20180517" Time="154225">CalculateField 2018_Erdbebenzonen_SIA261_e3 agd_N 0.8 VB #</Process><Process ToolSource="c:\program files (x86)\arcgis\desktop10.4\ArcToolbox\Toolboxes\Data Management Tools.tbx\CalculateField" Date="20180517" Time="154316">CalculateField 2018_Erdbebenzonen_SIA261_e3 E_ZoneN "Z1b" VB #</Process><Process ToolSource="c:\program files (x86)\arcgis\desktop10.4\ArcToolbox\Toolboxes\Data Management Tools.tbx\CalculateField" Date="20180517" Time="154329">CalculateField 2018_Erdbebenzonen_SIA261_e3 agd_N 0.8 VB #</Process><Process ToolSource="c:\program files (x86)\arcgis\desktop10.4\ArcToolbox\Toolboxes\Data Management Tools.tbx\CalculateField" Date="20180517" Time="160636">CalculateField 2018_Erdbebenzonen_SIA261_e3 E_ZoneN "Z3a" VB #</Process><Process ToolSource="c:\program files (x86)\arcgis\desktop10.4\ArcToolbox\Toolboxes\Data Management Tools.tbx\CalculateField" Date="20180517" Time="160649">CalculateField 2018_Erdbebenzonen_SIA261_e3 agd_N 1.3 VB #</Process><Process ToolSource="c:\program files (x86)\arcgis\desktop10.4\ArcToolbox\Toolboxes\Data Management Tools.tbx\CalculateField" Date="20180517" Time="161529">CalculateField 2018_Erdbebenzonen_SIA261_e3 E_ZoneN "Z3a" VB #</Process><Process ToolSource="c:\program files (x86)\arcgis\desktop10.4\ArcToolbox\Toolboxes\Data Management Tools.tbx\CalculateField" Date="20180517" Time="162054">CalculateField 2018_Erdbebenzonen_SIA261_e3 E_ZoneN "Z1b" VB #</Process><Process ToolSource="c:\program files (x86)\arcgis\desktop10.4\ArcToolbox\Toolboxes\Data Management Tools.tbx\CalculateField" Date="20180517" Time="162106">CalculateField 2018_Erdbebenzonen_SIA261_e3 agd_N 0.8 VB #</Process><Process ToolSource="c:\program files (x86)\arcgis\desktop10.4\ArcToolbox\Toolboxes\Data Management Tools.tbx\CalculateField" Date="20180517" Time="162325">CalculateField 2018_Erdbebenzonen_SIA261_e3 E_ZoneN "Z2" VB #</Process><Process ToolSource="c:\program files (x86)\arcgis\desktop10.4\ArcToolbox\Toolboxes\Data Management Tools.tbx\CalculateField" Date="20180517" Time="162334">CalculateField 2018_Erdbebenzonen_SIA261_e3 agd_N 1.0 VB #</Process><Process ToolSource="c:\program files (x86)\arcgis\desktop10.4\ArcToolbox\Toolboxes\Data Management Tools.tbx\CalculateField" Date="20180517" Time="163803">CalculateField 2018_Erdbebenzonen_SIA261_e3 E_ZoneN "Z2" VB #</Process><Process ToolSource="c:\program files (x86)\arcgis\desktop10.4\ArcToolbox\Toolboxes\Data Management Tools.tbx\CalculateField" Date="20180517" Time="163813">CalculateField 2018_Erdbebenzonen_SIA261_e3 agd_N 1.0 VB #</Process><Process ToolSource="c:\program files (x86)\arcgis\desktop10.4\ArcToolbox\Toolboxes\Data Management Tools.tbx\CalculateField" Date="20180517" Time="164054">CalculateField 2018_Erdbebenzonen_SIA261_e3 E_ZoneN "Z2" VB #</Process><Process ToolSource="c:\program files (x86)\arcgis\desktop10.4\ArcToolbox\Toolboxes\Data Management Tools.tbx\CalculateField" Date="20180517" Time="164106">CalculateField 2018_Erdbebenzonen_SIA261_e3 agd_N 1.0 VB #</Process><Process ToolSource="c:\program files (x86)\arcgis\desktop10.4\ArcToolbox\Toolboxes\Data Management Tools.tbx\CalculateField" Date="20180517" Time="164726">CalculateField 2018_Erdbebenzonen_SIA261_e3 E_ZoneN "Z2" VB #</Process><Process ToolSource="c:\program files (x86)\arcgis\desktop10.4\ArcToolbox\Toolboxes\Data Management Tools.tbx\CalculateField" Date="20180517" Time="164740">CalculateField 2018_Erdbebenzonen_SIA261_e3 agd_N 1.0 VB #</Process><Process ToolSource="c:\program files (x86)\arcgis\desktop10.4\ArcToolbox\Toolboxes\Data Management Tools.tbx\CalculateField" Date="20180517" Time="164841">CalculateField 2018_Erdbebenzonen_SIA261_e3 E_ZoneN "Z2" VB #</Process><Process ToolSource="c:\program files (x86)\arcgis\desktop10.4\ArcToolbox\Toolboxes\Data Management Tools.tbx\CalculateField" Date="20180517" Time="164911">CalculateField 2018_Erdbebenzonen_SIA261_e3 E_ZoneN "Z2" VB #</Process><Process ToolSource="c:\program files (x86)\arcgis\desktop10.4\ArcToolbox\Toolboxes\Data Management Tools.tbx\CalculateField" Date="20180517" Time="164923">CalculateField 2018_Erdbebenzonen_SIA261_e3 agd_N 1.0 VB #</Process><Process ToolSource="c:\program files (x86)\arcgis\desktop10.4\ArcToolbox\Toolboxes\Data Management Tools.tbx\CalculateField" Date="20180517" Time="165205">CalculateField 2018_Erdbebenzonen_SIA261_e3 E_ZoneN "Z2" VB #</Process><Process ToolSource="c:\program files (x86)\arcgis\desktop10.4\ArcToolbox\Toolboxes\Data Management Tools.tbx\CalculateField" Date="20180517" Time="165216">CalculateField 2018_Erdbebenzonen_SIA261_e3 agd_N 1.0 VB #</Process><Process ToolSource="c:\program files (x86)\arcgis\desktop10.4\ArcToolbox\Toolboxes\Data Management Tools.tbx\CalculateField" Date="20180517" Time="165557">CalculateField 2018_Erdbebenzonen_SIA261_e3 E_ZoneN "Z1b" VB #</Process><Process ToolSource="c:\program files (x86)\arcgis\desktop10.4\ArcToolbox\Toolboxes\Data Management Tools.tbx\CalculateField" Date="20180517" Time="165625">CalculateField 2018_Erdbebenzonen_SIA261_e3 agd_N 0.8 VB #</Process><Process ToolSource="c:\program files (x86)\arcgis\desktop10.4\ArcToolbox\Toolboxes\Data Management Tools.tbx\CalculateField" Date="20180518" Time="085524">CalculateField 2018_Erdbebenzonen_SIA261_e3 E_ZoneN "Z2" VB #</Process><Process ToolSource="c:\program files (x86)\arcgis\desktop10.4\ArcToolbox\Toolboxes\Data Management Tools.tbx\CalculateField" Date="20180518" Time="085537">CalculateField 2018_Erdbebenzonen_SIA261_e3 agd_N 1.0 VB #</Process><Process ToolSource="c:\program files (x86)\arcgis\desktop10.4\ArcToolbox\Toolboxes\Data Management Tools.tbx\CalculateField" Date="20180518" Time="085657">CalculateField 2018_Erdbebenzonen_SIA261_e3 E_ZoneN "Z2" VB #</Process><Process ToolSource="c:\program files (x86)\arcgis\desktop10.4\ArcToolbox\Toolboxes\Data Management Tools.tbx\CalculateField" Date="20180518" Time="085708">CalculateField 2018_Erdbebenzonen_SIA261_e3 agd_N 1.0 VB #</Process><Process ToolSource="c:\program files (x86)\arcgis\desktop10.4\ArcToolbox\Toolboxes\Data Management Tools.tbx\CalculateField" Date="20180518" Time="085829">CalculateField 2018_Erdbebenzonen_SIA261_e3 E_ZoneN "Z1b" VB #</Process><Process ToolSource="c:\program files (x86)\arcgis\desktop10.4\ArcToolbox\Toolboxes\Data Management Tools.tbx\CalculateField" Date="20180518" Time="085841">CalculateField 2018_Erdbebenzonen_SIA261_e3 agd_N 0.8 VB #</Process><Process ToolSource="c:\program files (x86)\arcgis\desktop10.4\ArcToolbox\Toolboxes\Data Management Tools.tbx\CalculateField" Date="20180518" Time="090402">CalculateField 2018_Erdbebenzonen_SIA261_e3 E_ZoneN "Z3b" VB #</Process><Process ToolSource="c:\program files (x86)\arcgis\desktop10.4\ArcToolbox\Toolboxes\Data Management Tools.tbx\CalculateField" Date="20180518" Time="090414">CalculateField 2018_Erdbebenzonen_SIA261_e3 agd_N 1.6 VB #</Process><Process ToolSource="c:\program files (x86)\arcgis\desktop10.4\ArcToolbox\Toolboxes\Data Management Tools.tbx\CalculateField" Date="20180518" Time="092307">CalculateField 2018_Erdbebenzonen_SIA261_e3 E_ZoneN "Z2" VB #</Process><Process ToolSource="c:\program files (x86)\arcgis\desktop10.4\ArcToolbox\Toolboxes\Data Management Tools.tbx\CalculateField" Date="20180518" Time="092319">CalculateField 2018_Erdbebenzonen_SIA261_e3 agd_N 1.0 VB #</Process><Process ToolSource="c:\program files (x86)\arcgis\desktop10.4\ArcToolbox\Toolboxes\Data Management Tools.tbx\CalculateField" Date="20180518" Time="092704">CalculateField 2018_Erdbebenzonen_SIA261_e3 E_ZoneN "Z1b" VB #</Process><Process ToolSource="c:\program files (x86)\arcgis\desktop10.4\ArcToolbox\Toolboxes\Data Management Tools.tbx\CalculateField" Date="20180518" Time="092718">CalculateField 2018_Erdbebenzonen_SIA261_e3 agd_N 0.8 VB #</Process><Process ToolSource="c:\program files (x86)\arcgis\desktop10.4\ArcToolbox\Toolboxes\Data Management Tools.tbx\CalculateField" Date="20180518" Time="101009">CalculateField 2018_Erdbebenzonen_SIA261_e4 E_ZoneN "Z1b" VB #</Process><Process ToolSource="c:\program files (x86)\arcgis\desktop10.4\ArcToolbox\Toolboxes\Data Management Tools.tbx\CalculateField" Date="20180518" Time="101020">CalculateField 2018_Erdbebenzonen_SIA261_e4 agd_N 0.8 VB #</Process><Process ToolSource="c:\program files (x86)\arcgis\desktop10.4\ArcToolbox\Toolboxes\Data Management Tools.tbx\CalculateField" Date="20180518" Time="101039">CalculateField 2018_Erdbebenzonen_SIA261_e4 E_ZoneN "Z1b" VB #</Process><Process ToolSource="c:\program files (x86)\arcgis\desktop10.4\ArcToolbox\Toolboxes\Data Management Tools.tbx\CalculateField" Date="20180518" Time="101047">CalculateField 2018_Erdbebenzonen_SIA261_e4 agd_N 0.8 VB #</Process><Process ToolSource="c:\program files (x86)\arcgis\desktop10.4\ArcToolbox\Toolboxes\Data Management Tools.tbx\CalculateField" Date="20180518" Time="101247">CalculateField 2018_Erdbebenzonen_SIA261_e4 E_ZoneN "Z1b" VB #</Process><Process ToolSource="c:\program files (x86)\arcgis\desktop10.4\ArcToolbox\Toolboxes\Data Management Tools.tbx\CalculateField" Date="20180518" Time="101257">CalculateField 2018_Erdbebenzonen_SIA261_e4 agd_N 0.8 VB #</Process><Process ToolSource="c:\program files (x86)\arcgis\desktop10.4\ArcToolbox\Toolboxes\Data Management Tools.tbx\CalculateField" Date="20180518" Time="101409">CalculateField 2018_Erdbebenzonen_SIA261_e4 E_ZoneN "Z1b" VB #</Process><Process ToolSource="c:\program files (x86)\arcgis\desktop10.4\ArcToolbox\Toolboxes\Data Management Tools.tbx\CalculateField" Date="20180518" Time="101422">CalculateField 2018_Erdbebenzonen_SIA261_e4 agd_N 0.8 VB #</Process><Process ToolSource="c:\program files (x86)\arcgis\desktop10.4\ArcToolbox\Toolboxes\Data Management Tools.tbx\CalculateField" Date="20180518" Time="101814">CalculateField 2018_Erdbebenzonen_SIA261_e4 E_ZoneN "Z1a" VB #</Process><Process ToolSource="c:\program files (x86)\arcgis\desktop10.4\ArcToolbox\Toolboxes\Data Management Tools.tbx\CalculateField" Date="20180518" Time="101826">CalculateField 2018_Erdbebenzonen_SIA261_e4 agd_N 0.6 VB #</Process><Process ToolSource="c:\program files (x86)\arcgis\desktop10.4\ArcToolbox\Toolboxes\Data Management Tools.tbx\CalculateField" Date="20180518" Time="102613">CalculateField 2018_Erdbebenzonen_SIA261_e4 E_ZoneN "Z1a" VB #</Process><Process ToolSource="c:\program files (x86)\arcgis\desktop10.4\ArcToolbox\Toolboxes\Data Management Tools.tbx\CalculateField" Date="20180518" Time="102652">CalculateField 2018_Erdbebenzonen_SIA261_e4 agd_N 0.6 VB #</Process><Process ToolSource="c:\program files (x86)\arcgis\desktop10.4\ArcToolbox\Toolboxes\Data Management Tools.tbx\CalculateField" Date="20180518" Time="102934">CalculateField 2018_Erdbebenzonen_SIA261_e4 E_ZoneN "Z1a" VB #</Process><Process ToolSource="c:\program files (x86)\arcgis\desktop10.4\ArcToolbox\Toolboxes\Data Management Tools.tbx\CalculateField" Date="20180518" Time="102945">CalculateField 2018_Erdbebenzonen_SIA261_e4 agd_N 0.6 VB #</Process><Process ToolSource="c:\program files (x86)\arcgis\desktop10.4\ArcToolbox\Toolboxes\Data Management Tools.tbx\CalculateField" Date="20180518" Time="103344">CalculateField 2018_Erdbebenzonen_SIA261_e4 E_ZoneN "Z1b" VB #</Process><Process ToolSource="c:\program files (x86)\arcgis\desktop10.4\ArcToolbox\Toolboxes\Data Management Tools.tbx\CalculateField" Date="20180518" Time="103353">CalculateField 2018_Erdbebenzonen_SIA261_e4 agd_N 0.8 VB #</Process><Process ToolSource="c:\program files (x86)\arcgis\desktop10.4\ArcToolbox\Toolboxes\Data Management Tools.tbx\CalculateField" Date="20180518" Time="103529">CalculateField 2018_Erdbebenzonen_SIA261_e4 E_ZoneN "Z1b" VB #</Process><Process ToolSource="c:\program files (x86)\arcgis\desktop10.4\ArcToolbox\Toolboxes\Data Management Tools.tbx\CalculateField" Date="20180518" Time="103539">CalculateField 2018_Erdbebenzonen_SIA261_e4 agd_N 0.8 VB #</Process><Process ToolSource="c:\program files (x86)\arcgis\desktop10.4\ArcToolbox\Toolboxes\Data Management Tools.tbx\CalculateField" Date="20180518" Time="110724">CalculateField 2018_Erdbebenzonen_SIA261_e4 Z_CHANGE "Z1 to Z1b" VB #</Process><Process ToolSource="c:\program files (x86)\arcgis\desktop10.4\ArcToolbox\Toolboxes\Data Management Tools.tbx\CalculateField" Date="20180518" Time="110820">CalculateField 2018_Erdbebenzonen_SIA261_e4 Z_CHANGE "Z2 to Z1b" VB #</Process><Process ToolSource="c:\program files (x86)\arcgis\desktop10.4\ArcToolbox\Toolboxes\Data Management Tools.tbx\CalculateField" Date="20180518" Time="110907">CalculateField 2018_Erdbebenzonen_SIA261_e4 Z_CHANGE "Z2 to Z3a" VB #</Process><Process ToolSource="c:\program files (x86)\arcgis\desktop10.4\ArcToolbox\Toolboxes\Data Management Tools.tbx\CalculateField" Date="20180518" Time="110945">CalculateField 2018_Erdbebenzonen_SIA261_e4 Z_CHANGE "Z3a to Z3b" VB #</Process><Process ToolSource="c:\program files (x86)\arcgis\desktop10.4\ArcToolbox\Toolboxes\Data Management Tools.tbx\CalculateField" Date="20180518" Time="111056">CalculateField 2018_Erdbebenzonen_SIA261_e4 Z_CHANGE "Z3b to Z3a" VB #</Process><Process ToolSource="c:\program files (x86)\arcgis\desktop10.4\ArcToolbox\Toolboxes\Data Management Tools.tbx\CalculateField" Date="20180518" Time="111138">CalculateField 2018_Erdbebenzonen_SIA261_e4 Z_CHANGE "Z3a to Z2" VB #</Process><Process ToolSource="c:\program files (x86)\arcgis\desktop10.4\ArcToolbox\Toolboxes\Data Management Tools.tbx\CalculateField" Date="20180518" Time="111302">CalculateField 2018_Erdbebenzonen_SIA261_e4 Z_CHANGE "No change" VB #</Process><Process ToolSource="c:\program files (x86)\arcgis\desktop10.4\ArcToolbox\Toolboxes\Data Management Tools.tbx\CalculateField" Date="20180827" Time="161053">CalculateField 2018_Erdbebenzonen_SIA261_e4 E_ZoneN Z1b VB #</Process><Process ToolSource="c:\program files (x86)\arcgis\desktop10.4\ArcToolbox\Toolboxes\Data Management Tools.tbx\CalculateField" Date="20180827" Time="161107">CalculateField 2018_Erdbebenzonen_SIA261_e4 E_ZoneN "Z1b" VB #</Process><Process ToolSource="c:\program files (x86)\arcgis\desktop10.4\ArcToolbox\Toolboxes\Data Management Tools.tbx\CalculateField" Date="20180827" Time="161119">CalculateField 2018_Erdbebenzonen_SIA261_e4 agd_N 0.8 VB #</Process><Process ToolSource="c:\program files (x86)\arcgis\desktop10.4\ArcToolbox\Toolboxes\Data Management Tools.tbx\CalculateField" Date="20180827" Time="161429">CalculateField 2018_Erdbebenzonen_SIA261_e4 E_ZoneN "Z1b" VB #</Process><Process ToolSource="c:\program files (x86)\arcgis\desktop10.4\ArcToolbox\Toolboxes\Data Management Tools.tbx\CalculateField" Date="20180827" Time="161442">CalculateField 2018_Erdbebenzonen_SIA261_e4 agd_N 0.8 VB #</Process><Process ToolSource="c:\program files (x86)\arcgis\desktop10.4\ArcToolbox\Toolboxes\Data Management Tools.tbx\CalculateField" Date="20180827" Time="162109">CalculateField 2018_Erdbebenzonen_SIA261_e4 E_ZoneN "Z1b" VB #</Process><Process ToolSource="c:\program files (x86)\arcgis\desktop10.4\ArcToolbox\Toolboxes\Data Management Tools.tbx\CalculateField" Date="20180827" Time="162126">CalculateField 2018_Erdbebenzonen_SIA261_e4 agd_N 0.8 VB #</Process><Process ToolSource="c:\program files (x86)\arcgis\desktop10.1\ArcToolbox\Toolboxes\Data Management Tools.tbx\CalculateField" Date="20181106" Time="140529">CalculateField 2018_Erdbebenzonen_SIA261_e4 Z_CHANGE "Z1 to Z1b" VB #</Process><Process ToolSource="c:\program files (x86)\arcgis\desktop10.1\ArcToolbox\Toolboxes\Data Management Tools.tbx\CalculateField" Date="20181106" Time="140728">CalculateField 2018_Erdbebenzonen_SIA261_e4 E_ZoneN "Z1b" VB #</Process><Process ToolSource="c:\program files (x86)\arcgis\desktop10.1\ArcToolbox\Toolboxes\Data Management Tools.tbx\CalculateField" Date="20181106" Time="140741">CalculateField 2018_Erdbebenzonen_SIA261_e4 agd_N 0.8 VB #</Process><Process ToolSource="c:\program files (x86)\arcgis\desktop10.1\ArcToolbox\Toolboxes\Data Management Tools.tbx\CalculateField" Date="20181106" Time="140803">CalculateField 2018_Erdbebenzonen_SIA261_e4 Z_CHANGE "Z1 to Z1b" VB #</Process><Process ToolSource="c:\program files (x86)\arcgis\desktop10.1\ArcToolbox\Toolboxes\Data Management Tools.tbx\CalculateField" Date="20181106" Time="141041">CalculateField 2018_Erdbebenzonen_SIA261_e4 Z_CHANGE "No change" VB #</Process><Process ToolSource="c:\program files (x86)\arcgis\desktop10.1\ArcToolbox\Toolboxes\Data Management Tools.tbx\CalculateField" Date="20181106" Time="141101">CalculateField 2018_Erdbebenzonen_SIA261_e4 Z_CHANGE "No change" VB #</Process><Process ToolSource="c:\program files (x86)\arcgis\desktop10.1\ArcToolbox\Toolboxes\Data Management Tools.tbx\CalculateField" Date="20181106" Time="141119">CalculateField 2018_Erdbebenzonen_SIA261_e4 Z_CHANGE "No change" VB #</Process><Process ToolSource="c:\program files (x86)\arcgis\desktop10.1\ArcToolbox\Toolboxes\Data Management Tools.tbx\CalculateField" Date="20181106" Time="141138">CalculateField 2018_Erdbebenzonen_SIA261_e4 Z_CHANGE "No change" VB #</Process><Process ToolSource="c:\program files (x86)\arcgis\desktop10.1\ArcToolbox\Toolboxes\Data Management Tools.tbx\CalculateField" Date="20181106" Time="141230">CalculateField 2018_Erdbebenzonen_SIA261_e4 Z_CHANGE "Z3a to Z1b" VB #</Process><Process ToolSource="c:\program files (x86)\arcgis\desktop10.1\ArcToolbox\Toolboxes\Data Management Tools.tbx\CalculateField" Date="20201120" Time="152728">CalculateField 2018_Erdbebenzonen_SIA261_e4 E_ZoneN Z3a VB #</Process><Process ToolSource="c:\program files (x86)\arcgis\desktop10.1\ArcToolbox\Toolboxes\Data Management Tools.tbx\CalculateField" Date="20201120" Time="152745">CalculateField 2018_Erdbebenzonen_SIA261_e4 E_ZoneN "Z3a" VB #</Process><Process ToolSource="c:\program files (x86)\arcgis\desktop10.1\ArcToolbox\Toolboxes\Data Management Tools.tbx\CalculateField" Date="20201120" Time="152901">CalculateField 2018_Erdbebenzonen_SIA261_e4 E_ZoneN "Z2" VB #</Process><Process ToolSource="c:\program files (x86)\arcgis\desktop10.1\ArcToolbox\Toolboxes\Data Management Tools.tbx\CalculateField" Date="20201120" Time="152936">CalculateField 2018_Erdbebenzonen_SIA261_e4 Z_CHANGE "Z1 to Z2" VB #</Process><Process ToolSource="c:\program files (x86)\arcgis\desktop10.1\ArcToolbox\Toolboxes\Data Management Tools.tbx\CalculateField" Date="20201120" Time="153605">CalculateField 2018_Erdbebenzonen_SIA261_e4 E_ZoneN "Z2" VB #</Process><Process ToolSource="c:\program files (x86)\arcgis\desktop10.1\ArcToolbox\Toolboxes\Data Management Tools.tbx\Dissolve" Date="20201120" Time="154356">Dissolve 2018_Erdbebenzonen_SIA261_e4 "O:\GIS\GEP\Erdbeben\Erdbebenzonen\Erdbebenzonen SIA 261_2020\Erdbebenzonen_SIA261_2020_cor.shp" E_ZoneN # MULTI_PART DISSOLVE_LINES</Process></lineage><itemProps><itemName Sync="TRUE">Erdbebenzonen_SIA261_2020_cor</itemName><imsContentType Sync="TRUE">002</imsContentType><itemSize Sync="TRUE">0.000</itemSize><itemLocation><linkage Sync="TRUE">file://\\Vu00503a.adb.intra.admin.ch\BAFU-Archive$\GIS\GIS-Fachstelle\JZ\Geodaten und Lizenzbedinungen_Internet\Naturgefahren\Erdbeben\Erdbebenzonen\data\Erdbebenzonen_SIA261_2020_cor</linkage><protocol Sync="TRUE">Local Area Network</protocol></itemLocation></itemProps><coordRef><type Sync="TRUE">Projected</type><geogcsn Sync="TRUE">GCS_CH1903+</geogcsn><csUnits Sync="TRUE">Linear Unit: Meter (1.000000)</csUnits><projcsn Sync="TRUE">CH1903+_LV95</projcsn><peXml Sync="TRUE">&lt;ProjectedCoordinateSystem xsi:type='typens:ProjectedCoordinateSystem' xmlns:xsi='http://www.w3.org/2001/XMLSchema-instance' xmlns:xs='http://www.w3.org/2001/XMLSchema' xmlns:typens='http://www.esri.com/schemas/ArcGIS/10.1'&gt;&lt;WKT&gt;PROJCS[&amp;quot;CH1903+_LV95&amp;quot;,GEOGCS[&amp;quot;GCS_CH1903+&amp;quot;,DATUM[&amp;quot;D_CH1903+&amp;quot;,SPHEROID[&amp;quot;Bessel_1841&amp;quot;,6377397.155,299.1528128]],PRIMEM[&amp;quot;Greenwich&amp;quot;,0.0],UNIT[&amp;quot;Degree&amp;quot;,0.0174532925199433]],PROJECTION[&amp;quot;Hotine_Oblique_Mercator_Azimuth_Center&amp;quot;],PARAMETER[&amp;quot;False_Easting&amp;quot;,2600000.0],PARAMETER[&amp;quot;False_Northing&amp;quot;,1200000.0],PARAMETER[&amp;quot;Scale_Factor&amp;quot;,1.0],PARAMETER[&amp;quot;Azimuth&amp;quot;,90.0],PARAMETER[&amp;quot;Longitude_Of_Center&amp;quot;,7.439583333333333],PARAMETER[&amp;quot;Latitude_Of_Center&amp;quot;,46.95240555555556],UNIT[&amp;quot;Meter&amp;quot;,1.0],AUTHORITY[&amp;quot;EPSG&amp;quot;,2056]]&lt;/WKT&gt;&lt;XOrigin&gt;-27386400&lt;/XOrigin&gt;&lt;YOrigin&gt;-32067900&lt;/YOrigin&gt;&lt;XYScale&gt;140996569.55187955&lt;/XYScale&gt;&lt;ZOrigin&gt;-100000&lt;/ZOrigin&gt;&lt;ZScale&gt;10000&lt;/ZScale&gt;&lt;MOrigin&gt;-100000&lt;/MOrigin&gt;&lt;MScale&gt;10000&lt;/MScale&gt;&lt;XYTolerance&gt;0.001&lt;/XYTolerance&gt;&lt;ZTolerance&gt;0.001&lt;/ZTolerance&gt;&lt;MTolerance&gt;0.001&lt;/MTolerance&gt;&lt;HighPrecision&gt;true&lt;/HighPrecision&gt;&lt;WKID&gt;2056&lt;/WKID&gt;&lt;LatestWKID&gt;2056&lt;/LatestWKID&gt;&lt;/ProjectedCoordinateSystem&gt;</peXml></coordRef><copyHistory><copy source="O:\GIS\GEP\Erdbeben\Erdbebenzonen\Erdbebenzonen SIA261_2020_cor\Erdbebenzonen_SIA261_2020_cor" dest="\\Vu00503a.adb.intra.admin.ch\BAFU-Archive$\GIS\GIS-Fachstelle\JZ\Geodaten und Lizenzbedinungen_Internet\Naturgefahren\Erdbeben\Erdbebenzonen\data\Erdbebenzonen_SIA261_2020_cor" date="20201123" time="10023700"></copy></copyHistory></DataProperties><SyncDate>20201120</SyncDate><SyncTime>15434600</SyncTime><ModDate>20201120</ModDate><ModTime>15434600</ModTime><ArcGISstyle>GM03_Editor_BAFU</ArcGISstyle></Esri><dataIdInfo><envirDesc Sync="TRUE">Microsoft Windows 7 Version 6.1 (Build 7601) Service Pack 1; Esri ArcGIS 10.1.1.3143</envirDesc><dataLang><languageCode value="fra" Sync="TRUE"></languageCode><countryCode value="CHE" Sync="TRUE"></countryCode></dataLang><idCitation><resTitle Sync="TRUE">Erdbebenzonen_SIA261_2020_cor</resTitle><presForm><PresFormCd value="005" Sync="TRUE"></PresFormCd></presForm></idCitation><spatRpType><SpatRepTypCd value="001" Sync="TRUE"></SpatRepTypCd></spatRpType></dataIdInfo><mdLang><languageCode value="fra" Sync="TRUE"></languageCode><countryCode value="CHE" Sync="TRUE"></countryCode></mdLang><mdChar><CharSetCd value="004" Sync="TRUE"></CharSetCd></mdChar><distInfo><distFormat><formatName Sync="TRUE">Shapefile</formatName></distFormat><distTranOps><transSize Sync="TRUE">0.000</transSize></distTranOps></distInfo><mdHrLv><ScopeCd value="005" Sync="TRUE"></ScopeCd></mdHrLv><mdHrLvName Sync="TRUE">dataset</mdHrLvName><refSysInfo><RefSystem><refSysID><identCode code="2056" Sync="TRUE"></identCode><idCodeSpace Sync="TRUE">EPSG</idCodeSpace><idVersion Sync="TRUE">7.11.2</idVersion></refSysID></RefSystem></refSysInfo><spatRepInfo><VectSpatRep><geometObjs Name="Erdbebenzonen_SIA261_2020_cor"><geoObjTyp><GeoObjTypCd value="002" Sync="TRUE"></GeoObjTypCd></geoObjTyp><geoObjCnt Sync="TRUE">0</geoObjCnt></geometObjs><topLvl><TopoLevCd value="001" Sync="TRUE"></TopoLevCd></topLvl></VectSpatRep></spatRepInfo><spdoinfo><ptvctinf><esriterm Name="Erdbebenzonen_SIA261_2020_cor"><efeatyp Sync="TRUE">Simple</efeatyp><efeageom code="4" Sync="TRUE"></efeageom><esritopo Sync="TRUE">FALSE</esritopo><efeacnt Sync="TRUE">0</efeacnt><spindex Sync="TRUE">FALSE</spindex><linrefer Sync="TRUE">TRUE</linrefer></esriterm></ptvctinf></spdoinfo><eainfo><detailed Name="Erdbebenzonen_SIA261_2020_cor"><enttyp><enttypl Sync="TRUE">Erdbebenzonen_SIA261_2020_cor</enttypl><enttypt Sync="TRUE">Feature Class</enttypt><enttypc Sync="TRUE">0</enttypc></enttyp><attr><attrlabl Sync="TRUE">FID</attrlabl><attalias Sync="TRUE">FID</attalias><attrtype Sync="TRUE">OID</attrtype><attwidth Sync="TRUE">4</attwidth><atprecis Sync="TRUE">0</atprecis><attscale Sync="TRUE">0</attscale><attrdef Sync="TRUE">Internal feature number.</attrdef><attrdefs Sync="TRUE">Esri</attrdefs><attrdomv><udom Sync="TRUE">Sequential unique whole numbers that are automatically generated.</udom></attrdomv></attr><attr><attrlabl Sync="TRUE">Shape</attrlabl><attalias Sync="TRUE">Shape</attalias><attrtype Sync="TRUE">Geometry</attrtype><attwidth Sync="TRUE">0</attwidth><atprecis Sync="TRUE">0</atprecis><attscale Sync="TRUE">0</attscale><attrdef Sync="TRUE">Feature geometry.</attrdef><attrdefs Sync="TRUE">Esri</attrdefs><attrdomv><udom Sync="TRUE">Coordinates defining the features.</udom></attrdomv></attr><attr><attrlabl Sync="TRUE">E_ZoneN</attrlabl><attalias Sync="TRUE">E_ZoneN</attalias><attrtype Sync="TRUE">String</attrtype><attwidth Sync="TRUE">10</attwidth><atprecis Sync="TRUE">0</atprecis><attscale Sync="TRUE">0</attscale></attr></detailed></eainfo><mdDateSt Sync="TRUE">20201120</mdDateSt></metadata>
